{"gradients/ff_2.bias": {"_type": "histogram", "values": [1.0, 0.0, 0.0, 0.0, 0.0, 0.0, 0.0, 0.0, 0.0, 0.0, 0.0, 0.0, 0.0, 0.0, 0.0, 0.0, 0.0, 0.0, 0.0, 0.0, 0.0, 0.0, 0.0, 0.0, 0.0, 0.0, 0.0, 0.0, 0.0, 0.0, 0.0, 0.0, 0.0, 0.0, 0.0, 0.0, 0.0, 0.0, 0.0, 0.0, 0.0, 0.0, 0.0, 0.0, 0.0, 0.0, 0.0, 0.0, 0.0, 0.0, 0.0, 0.0, 0.0, 0.0, 0.0, 0.0, 0.0, 0.0, 0.0, 0.0, 0.0, 0.0, 0.0, 1.0], "bins": [-0.010901100933551788, -0.010638619773089886, -0.010376138612627983, -0.010113656520843506, -0.009851175360381603, -0.0095886941999197, -0.009326212108135223, -0.00906373094767332, -0.008801249787211418, -0.008538768626749516, -0.008276287466287613, -0.008013805374503136, -0.007751324214041233, -0.0074888430535793304, -0.0072263614274561405, -0.006963879801332951, -0.006701398640871048, -0.006438917480409145, -0.006176435854285955, -0.0059139542281627655, -0.005651473067700863, -0.00538899190723896, -0.00512651028111577, -0.00486402865499258, -0.004601547494530678, -0.004339066334068775, -0.004076584707945585, -0.003814103314653039, -0.0035516219213604927, -0.0032891405280679464, -0.0030266591347754, -0.002764177741482854, -0.0025016963481903076, -0.0022392149548977613, -0.001976733561605215, -0.0017142521683126688, -0.0014517707750201225, -0.0011892893817275763, -0.00092680798843503, -0.0006643265951424837, -0.00040184520184993744, -0.00013936380855739117, 0.0001231175847351551, 0.0003855989780277014, 0.0006480803713202477, 0.0009105617646127939, 0.0011730431579053402, 0.0014355245511978865, 0.0016980059444904327, 0.001960487337782979, 0.0022229687310755253, 0.0024854501243680716, 0.002747931517660618, 0.003010412910953164, 0.0032728943042457104, 0.0035353756975382566, 0.003797857090830803, 0.0040603382512927055, 0.0043228198774158955, 0.004585301503539085, 0.004847782664000988, 0.005110263824462891, 0.0053727454505860806, 0.0056352270767092705, 0.005897708237171173]}, "_timestamp": 1697707953.6163452, "gradients/ff_2.weight": {"_type": "histogram", "values": [3.0, 2.0, 2.0, 4.0, 3.0, 2.0, 2.0, 2.0, 2.0, 3.0, 2.0, 3.0, 7.0, 4.0, 3.0, 7.0, 2.0, 6.0, 1.0, 0.0, 2.0, 1.0, 1.0, 0.0, 2.0, 1.0, 0.0, 378.0, 0.0, 0.0, 0.0, 0.0, 0.0, 0.0, 0.0, 0.0, 0.0, 2.0, 3.0, 1.0, 1.0, 0.0, 2.0, 2.0, 1.0, 5.0, 5.0, 3.0, 4.0, 4.0, 5.0, 5.0, 3.0, 3.0, 1.0, 3.0, 2.0, 1.0, 3.0, 1.0, 0.0, 2.0, 2.0, 3.0], "bins": [-0.10948346555233002, -0.10549186170101166, -0.1015002578496933, -0.09750864654779434, -0.09351704269647598, -0.08952543884515762, -0.08553382754325867, -0.08154222369194031, -0.07755061984062195, -0.07355901598930359, -0.06956741213798523, -0.06557580083608627, -0.061584196984767914, -0.057592593133449554, -0.0536009855568409, -0.04960937798023224, -0.04561777412891388, -0.04162617027759552, -0.03763456270098686, -0.033642955124378204, -0.029651351273059845, -0.025659745559096336, -0.021668139845132828, -0.01767653413116932, -0.01368492841720581, -0.009693322703242302, -0.005701716989278793, -0.0017101112753152847, 0.002281494438648224, 0.0062731001526117325, 0.010264705866575241, 0.01425631158053875, 0.01824791729450226, 0.022239523008465767, 0.026231128722429276, 0.030222734436392784, 0.03421434015035629, 0.03820594400167465, 0.04219755157828331, 0.04618915915489197, 0.05018076300621033, 0.054172366857528687, 0.058163974434137344, 0.062155582010746, 0.06614718586206436, 0.07013878971338272, 0.07413040101528168, 0.07812200486660004, 0.0821136087179184, 0.08610521256923676, 0.09009681642055511, 0.09408842772245407, 0.09808003157377243, 0.10207163542509079, 0.10606324672698975, 0.1100548505783081, 0.11404645442962646, 0.11803805828094482, 0.12202966213226318, 0.12602126598358154, 0.1300128698348999, 0.13400448858737946, 0.13799609243869781, 0.14198769629001617, 0.14597930014133453]}, "gradients/ff_1.bias": {"_type": "histogram", "values": [1.0, 0.0, 0.0, 0.0, 0.0, 1.0, 0.0, 0.0, 0.0, 0.0, 0.0, 0.0, 0.0, 0.0, 0.0, 0.0, 1.0, 0.0, 1.0, 0.0, 0.0, 0.0, 0.0, 0.0, 0.0, 0.0, 0.0, 1.0, 0.0, 0.0, 0.0, 0.0, 0.0, 0.0, 0.0, 1.0, 1.0, 1.0, 0.0, 0.0, 0.0, 2.0, 5.0, 5.0, 7.0, 6.0, 3.0, 1.0, 5.0, 192.0, 0.0, 3.0, 1.0, 4.0, 2.0, 2.0, 3.0, 1.0, 0.0, 0.0, 2.0, 2.0, 1.0, 1.0], "bins": [-0.028139006346464157, -0.027574673295021057, -0.027010340243577957, -0.026446005329489708, -0.025881672278046608, -0.025317339226603508, -0.02475300431251526, -0.02418867126107216, -0.02362433820962906, -0.02306000515818596, -0.02249567210674286, -0.02193133719265461, -0.02136700414121151, -0.02080267108976841, -0.02023833617568016, -0.01967400312423706, -0.01910967007279396, -0.01854533702135086, -0.01798100396990776, -0.01741666905581951, -0.01685233600437641, -0.01628800295293331, -0.015723668038845062, -0.015159334987401962, -0.014595001935958862, -0.014030668884515762, -0.013466334901750088, -0.012902000918984413, -0.012337667867541313, -0.011773334816098213, -0.011209000833332539, -0.010644666850566864, -0.010080334730446339, -0.009516000747680664, -0.008951667696237564, -0.008387334644794464, -0.00782300066202879, -0.007258667144924402, -0.006694333627820015, -0.006130000110715628, -0.00556566659361124, -0.005001333076506853, -0.004436999559402466, -0.0038726660422980785, -0.0033083325251936913, -0.002743999008089304, -0.0021796654909849167, -0.0016153319738805294, -0.0010509984567761421, -0.00048666493967175484, 7.766857743263245e-05, 0.0006420020945370197, 0.001206335611641407, 0.0017706691287457943, 0.0023350026458501816, 0.002899336162954569, 0.003463669680058956, 0.004028003197163343, 0.004592336714267731, 0.005156670231372118, 0.005721003748476505, 0.0062853372655808926, 0.00684967078268528, 0.007414004299789667, 0.007978337816894054]}, "gradients/ff_1.weight": {"_type": "histogram", "values": [1.0, 0.0, 0.0, 1.0, 1.0, 1.0, 0.0, 2.0, 2.0, 2.0, 0.0, 4.0, 0.0, 5.0, 2.0, 3.0, 6.0, 7.0, 5.0, 13.0, 10.0, 8.0, 9.0, 6.0, 3.0, 14.0, 14.0, 29.0, 22.0, 24.0, 31.0, 28.0, 43.0, 48.0, 70.0, 77.0, 90.0, 119.0, 185.0, 271.0, 362.0, 475.0, 691.0, 1013.0, 1567.0, 55332.0, 1457.0, 818.0, 705.0, 534.0, 366.0, 251.0, 224.0, 170.0, 110.0, 95.0, 84.0, 43.0, 23.0, 28.0, 15.0, 9.0, 6.0, 2.0], "bins": [-0.0174080990254879, -0.017024245113134384, -0.01664039120078087, -0.016256537288427353, -0.015872683376073837, -0.015488829463720322, -0.015104975551366806, -0.01472112163901329, -0.014337267726659775, -0.013953414745628834, -0.013569560833275318, -0.013185706920921803, -0.012801853008568287, -0.012417999096214771, -0.012034145183861256, -0.01165029127150774, -0.011266437359154224, -0.010882583446800709, -0.010498729534447193, -0.010114875622093678, -0.009731021709740162, -0.009347167797386646, -0.00896331388503313, -0.008579459972679615, -0.008195606991648674, -0.007811752613633871, -0.0074278987012803555, -0.00704404478892684, -0.0066601913422346115, -0.006276337429881096, -0.00589248351752758, -0.005508629605174065, -0.005124775692820549, -0.004740921780467033, -0.004357067868113518, -0.003973213955760002, -0.00358936027623713, -0.0032055063638836145, -0.0028216526843607426, -0.002437798772007227, -0.0020539448596537113, -0.0016700909473001957, -0.001286237151362002, -0.0009023832972161472, -0.0005185294430702925, -0.00013467558892443776, 0.00024917826522141695, 0.0006330321193672717, 0.0010168859735131264, 0.001400739885866642, 0.0017845936818048358, 0.0021684474777430296, 0.0025523013900965452, 0.002936155302450061, 0.003320008981972933, 0.0037038628943264484, 0.004087716806679964, 0.00447157071903348, 0.004855424631386995, 0.005239278543740511, 0.005623131990432739, 0.006006985902786255, 0.0063908398151397705, 0.006774693727493286, 0.007158547639846802]}, "gradients/head_1.bias": {"_type": "histogram", "values": [1.0, 0.0, 0.0, 0.0, 0.0, 4.0, 3.0, 2.0, 14.0, 22.0, 143.0, 30.0, 10.0, 4.0, 5.0, 4.0, 2.0, 1.0, 1.0, 0.0, 0.0, 0.0, 2.0, 0.0, 0.0, 0.0, 0.0, 0.0, 1.0, 0.0, 0.0, 1.0, 0.0, 1.0, 0.0, 1.0, 0.0, 0.0, 0.0, 1.0, 0.0, 0.0, 0.0, 0.0, 0.0, 0.0, 1.0, 0.0, 0.0, 0.0, 0.0, 0.0, 0.0, 0.0, 0.0, 0.0, 1.0, 0.0, 0.0, 0.0, 0.0, 0.0, 0.0, 1.0],