{"_wandb": {"runtime": 47}, "Test Reward": -1358.3321903611322, "Episode": 0, "Steps": 0, "_timestamp": 1698054764.2088177, "_runtime": 49.484567642211914, "_step": 0}