{"gradients/ff_2.bias": {"_type": "histogram", "values": [1.0, 0.0, 0.0, 0.0, 0.0, 0.0, 0.0, 0.0, 0.0, 0.0, 0.0, 0.0, 0.0, 0.0, 0.0, 0.0, 0.0, 0.0, 0.0, 0.0, 0.0, 0.0, 0.0, 0.0, 0.0, 0.0, 0.0, 0.0, 0.0, 0.0, 0.0, 0.0, 0.0, 0.0, 0.0, 0.0, 0.0, 0.0, 0.0, 0.0, 0.0, 0.0, 0.0, 0.0, 0.0, 0.0, 0.0, 0.0, 0.0, 0.0, 0.0, 0.0, 0.0, 0.0, 0.0, 0.0, 0.0, 0.0, 0.0, 0.0, 0.0, 0.0, 0.0, 1.0], "bins": [-0.16280978918075562, -0.15791809558868408, -0.15302640199661255, -0.14813470840454102, -0.14324301481246948, -0.13835133612155914, -0.1334596425294876, -0.12856794893741608, -0.12367625534534454, -0.11878456175327301, -0.11389286816120148, -0.10900118201971054, -0.10410948842763901, -0.09921779483556747, -0.09432610869407654, -0.089434415102005, -0.08454272150993347, -0.07965102791786194, -0.0747593343257904, -0.06986764818429947, -0.06497595459222794, -0.0600842610001564, -0.05519257113337517, -0.05030088126659393, -0.0454091876745224, -0.04051749408245087, -0.03562580421566963, -0.030734112486243248, -0.025842420756816864, -0.02095072902739048, -0.016059037297964096, -0.011167345568537712, -0.006275653839111328, -0.0013839621096849442, 0.00350772961974144, 0.008399421349167824, 0.013291113078594208, 0.018182804808020592, 0.023074496537446976, 0.02796618826687336, 0.032857879996299744, 0.03774957358837128, 0.04264126345515251, 0.047532953321933746, 0.05242464691400528, 0.05731634050607681, 0.06220803037285805, 0.06709972023963928, 0.07199141383171082, 0.07688310742378235, 0.08177480101585388, 0.08666648715734482, 0.09155818074941635, 0.09644987434148788, 0.10134156048297882, 0.10623325407505035, 0.11112494766712189, 0.11601664125919342, 0.12090833485126495, 0.1258000284433365, 0.13069170713424683, 0.13558340072631836, 0.1404750943183899, 0.14536678791046143, 0.15025848150253296]}, "_timestamp": 1698394728.4809144, "gradients/ff_2.weight": {"_type": "histogram", "values": [1.0, 1.0, 1.0, 1.0, 1.0, 1.0, 1.0, 1.0, 5.0, 2.0, 4.0, 4.0, 5.0, 6.0, 2.0, 4.0, 4.0, 7.0, 0.0, 2.0, 3.0, 3.0, 1.0, 1.0, 0.0, 0.0, 0.0, 0.0, 0.0, 0.0, 0.0, 0.0, 0.0, 0.0, 0.0, 0.0, 0.0, 0.0, 388.0, 2.0, 0.0, 0.0, 0.0, 0.0, 0.0, 1.0, 1.0, 2.0, 2.0, 4.0, 5.0, 2.0, 3.0, 9.0, 5.0, 14.0, 4.0, 1.0, 2.0, 3.0, 0.0, 1.0, 1.0, 1.0], "bins": [-0.6394450068473816, -0.6227375864982605, -0.6060301065444946, -0.5893226861953735, -0.5726152658462524, -0.5559078454971313, -0.5392004251480103, -0.5224929451942444, -0.5057855248451233, -0.4890781044960022, -0.4723706543445587, -0.45566320419311523, -0.43895578384399414, -0.42224836349487305, -0.40554091334342957, -0.3888334631919861, -0.372126042842865, -0.3554186224937439, -0.3387111723423004, -0.32200372219085693, -0.30529630184173584, -0.28858888149261475, -0.27188143134117126, -0.2551739811897278, -0.2384665608406067, -0.2217591255903244, -0.20505169034004211, -0.18834425508975983, -0.17163681983947754, -0.15492938458919525, -0.13822194933891296, -0.12151451408863068, -0.10480713844299316, -0.08809970319271088, -0.07139226794242859, -0.0546848326921463, -0.037977397441864014, -0.021269962191581726, -0.0045625269412994385, 0.012144908308982849, 0.028852343559265137, 0.045559778809547424, 0.06226721405982971, 0.078974649310112, 0.09568208456039429, 0.11238951981067657, 0.12909695506095886, 0.14580439031124115, 0.16251182556152344, 0.17921926081180573, 0.195926696062088, 0.2126341313123703, 0.2293415665626526, 0.24604900181293488, 0.26275643706321716, 0.27946388721466064, 0.29617130756378174, 0.31287872791290283, 0.3295861780643463, 0.3462936282157898, 0.3630010485649109, 0.379708468914032, 0.39641591906547546, 0.41312336921691895, 0.42983078956604004]}, "gradients/ff_1.bias": {"_type": "histogram", "values": [3.0, 0.0, 0.0, 0.0, 0.0, 0.0, 1.0, 2.0, 0.0, 0.0, 0.0, 1.0, 1.0, 0.0, 0.0, 0.0, 0.0, 1.0, 1.0, 1.0, 1.0, 1.0, 3.0, 0.0, 1.0, 2.0, 1.0, 0.0, 3.0, 4.0, 4.0, 7.0, 200.0, 0.0, 1.0, 0.0, 1.0, 1.0, 3.0, 0.0, 2.0, 1.0, 0.0, 1.0, 0.0, 0.0, 1.0, 0.0, 0.0, 0.0, 0.0, 1.0, 1.0, 1.0, 0.0, 0.0, 0.0, 0.0, 1.0, 0.0, 0.0, 2.0, 0.0, 1.0], "bins": [-0.1305578500032425, -0.12659938633441925, -0.12264092266559601, -0.11868245899677277, -0.11472399532794952, -0.11076553165912628, -0.10680706799030304, -0.1028486043214798, -0.09889014065265656, -0.09493168443441391, -0.09097322076559067, -0.08701475709676743, -0.08305629342794418, -0.07909782975912094, -0.0751393660902977, -0.07118090242147446, -0.06722243875265121, -0.06326397508382797, -0.05930551141500473, -0.05534704774618149, -0.051388584077358246, -0.0474301241338253, -0.04347166046500206, -0.03951319679617882, -0.035554733127355576, -0.03159626945853233, -0.02763780578970909, -0.023679343983530998, -0.019720880314707756, -0.015762416645884514, -0.011803953908383846, -0.007845491170883179, -0.0038870200514793396, 7.144315168261528e-05, 0.00402990635484457, 0.007988369092345238, 0.01194683276116848, 0.015905296429991722, 0.019863758236169815, 0.023822221904993057, 0.0277806855738163, 0.03173914924263954, 0.035697612911462784, 0.039656076580286026, 0.04361453652381897, 0.04757300019264221, 0.051531463861465454, 0.055489927530288696, 0.05944839119911194, 0.06340685486793518, 0.06736531853675842, 0.07132378220558167, 0.07528224587440491, 0.07924070954322815, 0.08319917321205139, 0.08715763688087463, 0.09111610054969788, 0.09507455676794052, 0.09903302043676376, 0.102991484105587, 0.10694994777441025, 0.11090841144323349, 0.11486687511205673, 0.11882533878087997, 0.12278380244970322]}, "gradients/ff_1.weight": {"_type": "histogram", "values": [3.0, 0.0, 0.0, 0.0, 0.0, 3.0, 1.0, 2.0, 0.0, 0.0, 5.0, 8.0, 10.0, 3.0, 7.0, 11.0, 26.0, 18.0, 21.0, 47.0, 33.0, 35.0, 73.0, 53.0, 65.0, 90.0, 122.0, 161.0, 191.0, 293.0, 554.0, 1335.0, 59341.0, 1751.0, 387.0, 204.0, 139.0, 98.0, 77.0, 63.0, 54.0, 37.0, 30.0, 36.0, 36.0, 24.0, 20.0, 12.0, 17.0, 7.0, 8.0, 6.0, 5.0, 2.0, 4.0, 1.0, 0.0, 0.0, 1.0, 3.0, 0.0, 0.0, 2.0, 1.0], "bins": [-0.11136806756258011, -0.10794335603713989, -0.10451864451169968, -0.10109392553567886, -0.09766921401023865, -0.09424450248479843, -0.09081979095935822, -0.0873950719833374, -0.08397036045789719, -0.08054564893245697, -0.07712093740701675, -0.07369622588157654, -0.07027150690555573, -0.06684679538011551, -0.06342208385467529, -0.05999736860394478, -0.05657265707850456, -0.053147945553064346, -0.04972323030233383, -0.046298518776893616, -0.0428738035261631, -0.039449092000722885, -0.03602437674999237, -0.032599665224552155, -0.02917495183646679, -0.025750238448381424, -0.02232552506029606, -0.018900811672210693, -0.015476099215447903, -0.012051385827362537, -0.008626673370599747, -0.005201959982514381, -0.0017772465944290161, 0.0016474665608257055, 0.005072179716080427, 0.008496892638504505, 0.01192160602658987, 0.015346319414675236, 0.018771031871438026, 0.02219574525952339, 0.025620458647608757, 0.029045172035694122, 0.03246988356113434, 0.03589459881186485, 0.03931931033730507, 0.042744025588035583, 0.0461687371134758, 0.049593452364206314, 0.05301816388964653, 0.056442875415086746, 0.05986759066581726, 0.06329230219125748, 0.06671701371669769, 0.0701417326927185, 0.07356644421815872, 0.07699115574359894, 0.08041586726903915, 0.08384057879447937, 0.08726529777050018, 0.0906900092959404, 0.09411472082138062, 0.09753943234682083, 0.10096415132284164, 0.10438886284828186, 0.10781357437372208]}, "gradients/head_1.bias": {"_type": "histogram", "values": [1.0, 0.0, 1.0, 0.0, 0.0, 0.0, 0.0, 0.0, 0.0, 0.0, 0.0, 0.0, 0.0, 0.0, 0.0, 0.0, 0.0, 0.0, 0.0, 0.0, 2.0, 1.0, 3.0, 1.0, 1.0, 2.0, 4.0, 5.0, 17.0, 28.0, 48.0, 100.0, 14.0, 14.0, 3.0, 3.0, 4.0, 0.0, 0.0, 1.0, 1.0, 0.0, 1.0, 0.0, 0.0, 0.0, 0.0, 0.0, 0.0, 0.0, 0.0, 0.0, 0.0, 0.0, 0.0, 0.0, 0.0, 0.0, 0.0, 0.0, 0.0, 0.0, 0.0, 1.0],