{"gradients/ff_2.bias": {"_type": "histogram", "values": [1.0, 0.0, 0.0, 0.0, 0.0, 0.0, 0.0, 0.0, 0.0, 0.0, 0.0, 0.0, 0.0, 0.0, 0.0, 0.0, 0.0, 0.0, 0.0, 0.0, 0.0, 0.0, 0.0, 0.0, 0.0, 0.0, 0.0, 0.0, 0.0, 0.0, 0.0, 0.0, 0.0, 0.0, 0.0, 0.0, 0.0, 0.0, 0.0, 0.0, 0.0, 0.0, 0.0, 0.0, 0.0, 0.0, 0.0, 0.0, 0.0, 0.0, 0.0, 0.0, 0.0, 0.0, 0.0, 0.0, 0.0, 0.0, 0.0, 0.0, 0.0, 0.0, 0.0, 1.0], "bins": [-0.2663339376449585, -0.2601015269756317, -0.25386908650398254, -0.24763666093349457, -0.2414042353630066, -0.2351718246936798, -0.22893939912319183, -0.22270697355270386, -0.21647454798221588, -0.2102421224117279, -0.20400969684123993, -0.19777727127075195, -0.19154486060142517, -0.1853124350309372, -0.17908000946044922, -0.17284758388996124, -0.16661515831947327, -0.1603827327489853, -0.15415030717849731, -0.14791788160800934, -0.14168545603752136, -0.13545304536819458, -0.1292206197977066, -0.12298819422721863, -0.11675576865673065, -0.11052334308624268, -0.1042909175157547, -0.09805849939584732, -0.09182607382535934, -0.08559364825487137, -0.07936123013496399, -0.07312880456447601, -0.06689637899398804, -0.06066395342350006, -0.05443153157830238, -0.048199109733104706, -0.04196668416261673, -0.035734258592128754, -0.029501836746931076, -0.02326941303908825, -0.017036989331245422, -0.010804565623402596, -0.004572141915559769, 0.0016602817922830582, 0.007892705500125885, 0.014125129207968712, 0.02035755291581154, 0.026589976623654366, 0.03282240033149719, 0.03905482590198517, 0.045287247747182846, 0.051519669592380524, 0.0577520951628685, 0.06398452073335648, 0.07021693885326385, 0.07644936442375183, 0.08268178999423981, 0.08891421556472778, 0.09514664113521576, 0.10137905925512314, 0.10761148482561111, 0.11384391039609909, 0.12007632851600647, 0.12630875408649445, 0.13254117965698242]}, "_timestamp": 1698394504.3508112, "gradients/ff_2.weight": {"_type": "histogram", "values": [1.0, 0.0, 0.0, 0.0, 0.0, 0.0, 1.0, 0.0, 0.0, 0.0, 2.0, 1.0, 0.0, 0.0, 1.0, 0.0, 0.0, 0.0, 0.0, 1.0, 0.0, 1.0, 2.0, 1.0, 6.0, 5.0, 10.0, 5.0, 4.0, 2.0, 5.0, 1.0, 8.0, 3.0, 2.0, 3.0, 0.0, 0.0, 1.0, 0.0, 1.0, 1.0, 377.0, 2.0, 2.0, 6.0, 6.0, 5.0, 6.0, 9.0, 13.0, 9.0, 3.0, 0.0, 0.0, 0.0, 1.0, 1.0, 2.0, 0.0, 1.0, 0.0, 0.0, 1.0], "bins": [-0.598413348197937, -0.5842308402061462, -0.5700483322143555, -0.5558658242225647, -0.5416833758354187, -0.5275008678436279, -0.5133183598518372, -0.4991358518600464, -0.4849533438682556, -0.47077086567878723, -0.45658835768699646, -0.4424058496952057, -0.4282233715057373, -0.41404086351394653, -0.39985835552215576, -0.3856758773326874, -0.3714933693408966, -0.35731086134910583, -0.34312838315963745, -0.3289458751678467, -0.3147633671760559, -0.3005808889865875, -0.28639838099479675, -0.272215873003006, -0.2580333948135376, -0.24385088682174683, -0.22966837882995605, -0.21548588573932648, -0.2013033926486969, -0.18712088465690613, -0.17293839156627655, -0.15875588357448578, -0.1445733904838562, -0.13039089739322662, -0.11620838940143585, -0.10202589631080627, -0.0878433957695961, -0.07366089522838593, -0.05947839841246605, -0.04529590159654617, -0.031113401055336, -0.016930902376770973, -0.002748403698205948, 0.011434094980359077, 0.025616593658924103, 0.03979909420013428, 0.05398159101605415, 0.06816408783197403, 0.0823465883731842, 0.09652908891439438, 0.11071158945560455, 0.12489408254623413, 0.1390765905380249, 0.15325908362865448, 0.16744157671928406, 0.18162408471107483, 0.1958065778017044, 0.20998907089233398, 0.22417157888412476, 0.23835407197475433, 0.2525365650653839, 0.2667190730571747, 0.28090158104896545, 0.29508405923843384, 0.3092665672302246]}, "gradients/ff_1.bias": {"_type": "histogram", "values": [1.0, 0.0, 2.0, 0.0, 2.0, 0.0, 2.0, 2.0, 0.0, 1.0, 1.0, 3.0, 1.0, 2.0, 6.0, 5.0, 2.0, 4.0, 2.0, 3.0, 4.0, 4.0, 5.0, 2.0, 2.0, 2.0, 1.0, 1.0, 0.0, 1.0, 0.0, 0.0, 0.0, 1.0, 189.0, 1.0, 0.0, 0.0, 1.0, 0.0, 0.0, 0.0, 0.0, 1.0, 0.0, 0.0, 0.0, 0.0, 0.0, 0.0, 0.0, 0.0, 0.0, 0.0, 1.0, 0.0, 0.0, 0.0, 0.0, 0.0, 0.0, 0.0, 0.0, 1.0], "bins": [-0.03079780749976635, -0.029895447194576263, -0.028993085026741028, -0.02809072472155094, -0.027188364416360855, -0.02628600224852562, -0.025383641943335533, -0.024481279775500298, -0.02357891947031021, -0.022676559165120125, -0.02177419699728489, -0.020871836692094803, -0.019969474524259567, -0.01906711421906948, -0.018164753913879395, -0.01726239174604416, -0.016360031440854073, -0.015457670204341412, -0.01455530896782875, -0.013652948662638664, -0.012750587426126003, -0.011848226189613342, -0.010945865884423256, -0.010043504647910595, -0.009141143411397934, -0.008238782174885273, -0.007336421404033899, -0.006434060633182526, -0.005531699396669865, -0.004629338160157204, -0.00372697738930583, -0.0028246163856238127, -0.0019222553819417953, -0.001019894378259778, -0.0001175333745777607, 0.0007848276291042566, 0.001687188632786274, 0.0025895496364682913, 0.0034919106401503086, 0.004394271411001682, 0.005296632647514343, 0.006198993884027004, 0.007101354654878378, 0.008003715425729752, 0.008906076662242413, 0.009808437898755074, 0.01071079820394516, 0.011613159440457821, 0.012515520676970482, 0.013417881913483143, 0.014320243149995804, 0.01522260345518589, 0.016124963760375977, 0.017027325928211212, 0.0179296862334013, 0.018832048401236534, 0.01973440870642662, 0.020636769011616707, 0.021539131179451942, 0.02244149148464203, 0.023343853652477264, 0.02424621395766735, 0.025148574262857437, 0.026050936430692673, 0.02695329673588276]}, "gradients/ff_1.weight": {"_type": "histogram", "values": [1.0, 2.0, 2.0, 4.0, 4.0, 5.0, 3.0, 8.0, 11.0, 13.0, 18.0, 30.0, 36.0, 49.0, 66.0, 67.0, 102.0, 117.0, 155.0, 175.0, 244.0, 287.0, 343.0, 362.0, 451.0, 521.0, 528.0, 599.0, 636.0, 762.0, 1196.0, 2923.0, 55019.0, 340.0, 114.0, 75.0, 50.0, 33.0, 31.0, 21.0, 17.0, 11.0, 16.0, 15.0, 13.0, 12.0, 7.0, 9.0, 4.0, 6.0, 7.0, 3.0, 4.0, 4.0, 1.0, 0.0, 0.0, 0.0, 2.0, 1.0, 0.0, 0.0, 0.0, 1.0], "bins": [-0.018246164545416832, -0.017680952325463295, -0.017115740105509758, -0.01655052788555622, -0.015985315665602684, -0.015420103445649147, -0.01485489122569561, -0.014289679005742073, -0.013724466785788536, -0.013159254565834999, -0.012594042345881462, -0.012028830125927925, -0.011463617905974388, -0.010898405686020851, -0.010333193466067314, -0.009767981246113777, -0.00920276902616024, -0.008637556806206703, -0.008072344586253166, -0.007507132366299629, -0.006941920146346092, -0.006376707926392555, -0.005811495706439018, -0.005246283486485481, -0.004681071266531944, -0.004115859046578407, -0.0035506468266248703, -0.0029854346066713333, -0.0024202223867177963, -0.0018550101667642593, -0.0012897979468107224, -0.0007245857268571854, -0.0001593753695487976, 0.0004058368504047394, 0.0009710490703582764, 0.0015362612903118134, 0.0021014735102653503, 0.0026666857302188873, 0.0032318979501724243, 0.0037971101701259613, 0.004362322390079498, 0.004927534610033035, 0.005492746829986572, 0.006057959049940109, 0.006623171269893646, 0.007188383489847183, 0.00775359570980072, 0.008318807929754257, 0.008884020149707794, 0.009449232369661331, 0.010014444589614868, 0.010579656809568405, 0.011144869029521942, 0.011710081249475479, 0.012275293469429016, 0.012840505689382553, 0.01340571790933609, 0.013970930129289627, 0.014536142349243164, 0.015101354569196701, 0.015666566789150238, 0.016231779009103775, 0.016796991229057312, 0.01736220344901085, 0.017927415668964386]}, "gradients/head_1.bias": {"_type": "histogram", "values": [4.0, 3.0, 2.0, 10.0, 8.0, 9.0, 16.0, 14.0, 15.0, 12.0, 13.0, 5.0, 7.0, 69.0, 11.0, 14.0, 4.0, 7.0, 3.0, 2.0, 2.0, 4.0, 5.0, 2.0, 0.0, 3.0, 0.0, 1.0, 2.0, 2.0, 1.0, 0.0, 0.0, 1.0, 0.0, 0.0, 0.0, 0.0, 0.0, 0.0, 0.0, 0.0, 1.0, 0.0, 0.0, 0.0, 0.0, 1.0, 0.0, 0.0, 0.0, 1.0, 0.0, 0.0, 0.0, 0.0, 0.0, 0.0, 1.0, 0.0, 0.0, 0.0, 0.0, 1.0],