{"gradients/ff_2.bias": {"_type": "histogram", "values": [1.0, 0.0, 0.0, 0.0, 0.0, 0.0, 0.0, 0.0, 0.0, 0.0, 0.0, 0.0, 0.0, 0.0, 0.0, 0.0, 0.0, 0.0, 0.0, 0.0, 0.0, 0.0, 0.0, 0.0, 0.0, 0.0, 0.0, 0.0, 0.0, 0.0, 0.0, 0.0, 0.0, 0.0, 0.0, 0.0, 0.0, 0.0, 0.0, 0.0, 0.0, 0.0, 0.0, 0.0, 0.0, 0.0, 0.0, 0.0, 0.0, 0.0, 0.0, 0.0, 0.0, 0.0, 0.0, 0.0, 0.0, 0.0, 0.0, 0.0, 0.0, 0.0, 0.0, 1.0], "bins": [-0.06558128446340561, -0.06414150446653366, -0.06270173192024231, -0.06126195192337036, -0.05982217565178871, -0.05838239938020706, -0.056942619383335114, -0.055502843111753464, -0.054063066840171814, -0.052623290568590164, -0.051183514297008514, -0.049743734300136566, -0.048303958028554916, -0.04686418175697327, -0.04542440176010132, -0.04398462548851967, -0.04254484921693802, -0.04110507294535637, -0.03966529667377472, -0.03822551667690277, -0.03678574040532112, -0.03534596413373947, -0.03390618413686752, -0.03246640786528587, -0.031026631593704224, -0.029586855322122574, -0.028147077187895775, -0.026707299053668976, -0.025267522782087326, -0.023827746510505676, -0.022387968376278877, -0.020948190242052078, -0.01950841210782528, -0.01806863397359848, -0.01662885770201683, -0.015189080499112606, -0.013749303296208382, -0.012309526093304157, -0.010869748890399933, -0.009429971687495708, -0.007990194484591484, -0.00655041728168726, -0.005110640078783035, -0.003670862875878811, -0.0022310856729745865, -0.0007913084700703621, 0.0006484687328338623, 0.0020882459357380867, 0.003528023138642311, 0.0049678003415465355, 0.00640757754445076, 0.007847354747354984, 0.009287131950259209, 0.010726909153163433, 0.012166686356067657, 0.013606463558971882, 0.015046240761876106, 0.016486018896102905, 0.017925795167684555, 0.019365571439266205, 0.020805349573493004, 0.022245127707719803, 0.023684903979301453, 0.025124680250883102, 0.0265644583851099]}, "_timestamp": 1698404423.369639, "gradients/ff_2.weight": {"_type": "histogram", "values": [2.0, 0.0, 1.0, 2.0, 0.0, 0.0, 2.0, 0.0, 0.0, 0.0, 1.0, 1.0, 1.0, 0.0, 0.0, 0.0, 0.0, 2.0, 1.0, 0.0, 3.0, 3.0, 1.0, 2.0, 0.0, 1.0, 3.0, 0.0, 0.0, 0.0, 1.0, 0.0, 1.0, 1.0, 1.0, 1.0, 0.0, 0.0, 1.0, 0.0, 2.0, 2.0, 1.0, 0.0, 1.0, 430.0, 5.0, 4.0, 2.0, 4.0, 1.0, 1.0, 2.0, 2.0, 5.0, 6.0, 2.0, 0.0, 3.0, 0.0, 1.0, 1.0, 1.0, 4.0], "bins": [-0.5322884917259216, -0.5205767154693604, -0.5088649392127991, -0.4971531331539154, -0.4854413568973541, -0.47372958064079285, -0.4620177745819092, -0.4503059983253479, -0.4385942220687866, -0.42688241600990295, -0.4151706397533417, -0.4034588634967804, -0.3917470872402191, -0.38003528118133545, -0.36832350492477417, -0.3566117286682129, -0.3448999524116516, -0.33318814635276794, -0.32147637009620667, -0.3097645938396454, -0.2980527877807617, -0.28634101152420044, -0.27462923526763916, -0.2629174590110779, -0.2512056529521942, -0.23949387669563293, -0.22778208553791046, -0.21607030928134918, -0.2043585181236267, -0.19264674186706543, -0.18093495070934296, -0.16922317445278168, -0.1575113981962204, -0.14579960703849792, -0.13408783078193665, -0.12237604707479477, -0.1106642633676529, -0.09895247220993042, -0.08724068850278854, -0.07552890479564667, -0.06381712108850479, -0.052105337381362915, -0.04039355367422104, -0.028681766241788864, -0.016969982534646988, -0.005258197896182537, 0.006453586742281914, 0.01816537231206894, 0.029877156019210815, 0.04158893972635269, 0.05330072343349457, 0.06501250714063644, 0.07672429084777832, 0.0884360820055008, 0.10014786571264267, 0.11185964941978455, 0.12357143312692642, 0.1352832168340683, 0.14699500799179077, 0.15870678424835205, 0.17041857540607452, 0.1821303516626358, 0.19384214282035828, 0.20555391907691956, 0.21726571023464203]}, "gradients/ff_1.bias": {"_type": "histogram", "values": [1.0, 0.0, 0.0, 0.0, 0.0, 0.0, 0.0, 0.0, 0.0, 0.0, 0.0, 0.0, 0.0, 0.0, 0.0, 0.0, 0.0, 0.0, 0.0, 2.0, 0.0, 2.0, 2.0, 1.0, 1.0, 2.0, 2.0, 4.0, 5.0, 1.0, 4.0, 1.0, 2.0, 1.0, 0.0, 1.0, 0.0, 3.0, 1.0, 213.0, 3.0, 1.0, 1.0, 0.0, 0.0, 0.0, 0.0, 0.0, 0.0, 0.0, 0.0, 0.0, 0.0, 0.0, 0.0, 0.0, 1.0, 0.0, 0.0, 0.0, 0.0, 0.0, 0.0, 1.0], "bins": [-0.07516118884086609, -0.07327113300561905, -0.07138107717037201, -0.06949102133512497, -0.06760096549987793, -0.06571090966463089, -0.06382084637880325, -0.06193079426884651, -0.060040734708309174, -0.058150678873062134, -0.056260623037815094, -0.054370567202568054, -0.052480511367321014, -0.050590455532073975, -0.048700395971536636, -0.0468103401362896, -0.04492028430104256, -0.04303022846579552, -0.04114017263054848, -0.03925011307001114, -0.0373600572347641, -0.03547000139951706, -0.03357994556427002, -0.03168988972902298, -0.02979983203113079, -0.02790977619588375, -0.026019718497991562, -0.024129662662744522, -0.022239606827497482, -0.020349549129605293, -0.018459493294358253, -0.016569435596466064, -0.014679376035928726, -0.012789319269359112, -0.010899262502789497, -0.009009206667542458, -0.007119149900972843, -0.005229093134403229, -0.0033390368334949017, -0.001448980299755931, 0.00044107623398303986, 0.0023311327677220106, 0.004221189301460981, 0.0061112456023693085, 0.008001302368938923, 0.009891359135508537, 0.011781414970755577, 0.013671471737325191, 0.015561528503894806, 0.017451584339141846, 0.019341642037034035, 0.021231697872281075, 0.023121755570173264, 0.025011811405420303, 0.026901867240667343, 0.028791924938559532, 0.030681980773806572, 0.03257203847169876, 0.0344620943069458, 0.03635215014219284, 0.03824220597743988, 0.04013226181268692, 0.04202232137322426, 0.0439123772084713, 0.04580243304371834]}, "gradients/ff_1.weight": {"_type": "histogram", "values": [1.0, 0.0, 0.0, 0.0, 1.0, 1.0, 1.0, 1.0, 0.0, 0.0, 1.0, 0.0, 1.0, 0.0, 0.0, 0.0, 0.0, 0.0, 2.0, 0.0, 5.0, 0.0, 6.0, 6.0, 16.0, 6.0, 13.0, 21.0, 23.0, 25.0, 32.0, 40.0, 30.0, 38.0, 35.0, 36.0, 43.0, 50.0, 83.0, 64833.0, 132.0, 32.0, 1.0, 2.0, 2.0, 0.0, 1.0, 1.0, 0.0, 0.0, 1.0, 2.0, 0.0, 3.0, 1.0, 1.0, 1.0, 1.0, 0.0, 2.0, 2.0, 0.0, 0.0, 1.0], "bins": [-0.0795036181807518, -0.07749605178833008, -0.07548848539590836, -0.07348091900348663, -0.07147335261106491, -0.06946578621864319, -0.06745821982622147, -0.06545065343379974, -0.06344307959079742, -0.061435516923666, -0.05942795053124428, -0.057420384138822556, -0.055412814021110535, -0.05340524762868881, -0.05139768123626709, -0.04939011484384537, -0.047382548451423645, -0.04537498205900192, -0.0433674156665802, -0.04135984927415848, -0.039352282881736755, -0.037344712764024734, -0.03533714637160301, -0.03332957997918129, -0.03132201358675957, -0.029314447194337845, -0.027306880801916122, -0.02529931254684925, -0.02329174615442753, -0.021284179762005806, -0.019276611506938934, -0.017269045114517212, -0.015261482447385788, -0.013253916054964066, -0.011246348731219769, -0.009238781407475471, -0.007231215015053749, -0.005223648156970739, -0.0032160812988877296, -0.00120851444080472, 0.0007990524172782898, 0.0028066192753612995, 0.004814186133444309, 0.006821752991527319, 0.008829319849610329, 0.010836886242032051, 0.012844453565776348, 0.014852020889520645, 0.016859587281942368, 0.01886715367436409, 0.020874720066785812, 0.022882288321852684, 0.024889854714274406, 0.02689742110669613, 0.028904989361763, 0.030912555754184723, 0.032920122146606445, 0.03492768853902817, 0.03693525493144989, 0.03894282132387161, 0.040950387716293335, 0.042957957834005356, 0.04496552422642708, 0.0469730906188488, 0.04898065701127052]}, "gradients/head_1.bias": {"_type": "histogram", "values": [1.0, 0.0, 1.0, 1.0, 1.0, 0.0, 1.0, 1.0, 0.0, 0.0, 1.0, 1.0, 1.0, 0.0, 0.0, 0.0, 0.0, 1.0, 1.0, 0.0, 0.0, 0.0, 0.0, 0.0, 0.0, 2.0, 0.0, 0.0, 0.0, 5.0, 232.0, 2.0, 1.0, 1.0, 0.0, 0.0, 0.0, 0.0, 0.0, 0.0, 0.0, 0.0, 0.0, 0.0, 0.0, 0.0, 0.0, 0.0, 0.0, 0.0, 0.0, 0.0, 0.0, 0.0, 0.0, 0.0, 0.0, 1.0, 0.0, 0.0, 0.0, 0.0, 0.0, 1.0],