{"gradients/ff_2.bias": {"_type": "histogram", "values": [1.0, 0.0, 0.0, 0.0, 0.0, 0.0, 0.0, 0.0, 0.0, 0.0, 0.0, 0.0, 0.0, 0.0, 0.0, 0.0, 0.0, 0.0, 0.0, 0.0, 0.0, 0.0, 0.0, 0.0, 0.0, 0.0, 0.0, 0.0, 0.0, 0.0, 0.0, 0.0, 0.0, 0.0, 0.0, 0.0, 0.0, 0.0, 0.0, 0.0, 0.0, 0.0, 0.0, 0.0, 0.0, 0.0, 0.0, 0.0, 0.0, 0.0, 0.0, 0.0, 0.0, 0.0, 0.0, 0.0, 0.0, 0.0, 0.0, 0.0, 0.0, 0.0, 0.0, 1.0], "bins": [-0.04360503703355789, -0.043149158358573914, -0.042693279683589935, -0.04223740100860596, -0.04178152605891228, -0.0413256473839283, -0.04086976870894432, -0.04041389003396034, -0.039958011358976364, -0.039502132683992386, -0.03904625400900841, -0.03859037905931473, -0.03813450038433075, -0.03767862170934677, -0.03722274303436279, -0.036766864359378815, -0.036310985684394836, -0.03585511073470116, -0.03539923205971718, -0.0349433533847332, -0.03448747470974922, -0.034031596034765244, -0.033575717359781265, -0.03311983868479729, -0.03266396373510361, -0.03220808506011963, -0.03175220638513565, -0.03129632771015167, -0.030840449035167694, -0.030384572222828865, -0.029928693547844887, -0.02947281487286091, -0.02901693806052208, -0.0285610593855381, -0.028105180710554123, -0.027649302035570145, -0.027193425223231316, -0.026737546548247337, -0.02628166787326336, -0.02582579106092453, -0.025369912385940552, -0.024914033710956573, -0.024458155035972595, -0.024002278223633766, -0.023546399548649788, -0.02309052087366581, -0.02263464406132698, -0.022178765386343002, -0.021722886711359024, -0.021267009899020195, -0.020811131224036217, -0.02035525254905224, -0.01989937387406826, -0.01944349706172943, -0.018987618386745453, -0.018531739711761475, -0.018075862899422646, -0.017619984224438667, -0.01716410554945469, -0.01670822873711586, -0.01625235006213188, -0.015796471387147903, -0.0153405936434865, -0.014884714968502522, -0.014428837224841118]}, "_timestamp": 1697706786.3381453, "gradients/ff_2.weight": {"_type": "histogram", "values": [1.0, 0.0, 0.0, 0.0, 0.0, 0.0, 1.0, 0.0, 0.0, 1.0, 5.0, 1.0, 3.0, 4.0, 6.0, 4.0, 10.0, 8.0, 6.0, 11.0, 2.0, 9.0, 6.0, 2.0, 4.0, 2.0, 2.0, 0.0, 4.0, 2.0, 8.0, 4.0, 1.0, 1.0, 381.0, 1.0, 3.0, 4.0, 0.0, 4.0, 2.0, 0.0, 1.0, 1.0, 1.0, 1.0, 1.0, 0.0, 1.0, 0.0, 0.0, 0.0, 0.0, 1.0, 0.0, 0.0, 0.0, 0.0, 0.0, 0.0, 0.0, 1.0, 0.0, 1.0], "bins": [-0.20475614070892334, -0.19880902767181396, -0.19286192953586578, -0.1869148164987564, -0.18096771836280823, -0.17502060532569885, -0.16907349228858948, -0.1631263941526413, -0.15717928111553192, -0.15123218297958374, -0.14528506994247437, -0.139337956905365, -0.1333908587694168, -0.12744374573230743, -0.12149664014577866, -0.11554953455924988, -0.1096024289727211, -0.10365532338619232, -0.09770821779966354, -0.09176110476255417, -0.08581399917602539, -0.07986689358949661, -0.07391978800296783, -0.06797268241643906, -0.06202557310461998, -0.0560784675180912, -0.050131358206272125, -0.04418425261974335, -0.03823714703321457, -0.03229003772139549, -0.026342932134866714, -0.020395824685692787, -0.01444871723651886, -0.008501609787344933, -0.00255450326949358, 0.00339260371401906, 0.0093397106975317, 0.015286818146705627, 0.021233923733234406, 0.027181031182408333, 0.03312813863158226, 0.03907524421811104, 0.045022353529930115, 0.05096945911645889, 0.05691656470298767, 0.06286367028951645, 0.06881078332662582, 0.0747578889131546, 0.08070499449968338, 0.08665210008621216, 0.09259920567274094, 0.09854631870985031, 0.10449342429637909, 0.11044052988290787, 0.11638763546943665, 0.12233474105596542, 0.1282818466424942, 0.13422895967960358, 0.14017605781555176, 0.14612317085266113, 0.1520702838897705, 0.1580173820257187, 0.16396449506282806, 0.16991159319877625, 0.17585870623588562]}, "gradients/ff_1.bias": {"_type": "histogram", "values": [1.0, 3.0, 0.0, 1.0, 1.0, 0.0, 1.0, 0.0, 0.0, 2.0, 0.0, 1.0, 1.0, 0.0, 1.0, 0.0, 0.0, 0.0, 2.0, 2.0, 11.0, 7.0, 4.0, 7.0, 6.0, 3.0, 1.0, 3.0, 1.0, 2.0, 2.0, 1.0, 0.0, 0.0, 189.0, 0.0, 0.0, 0.0, 0.0, 0.0, 0.0, 1.0, 0.0, 0.0, 0.0, 1.0, 0.0, 0.0, 0.0, 0.0, 0.0, 0.0, 0.0, 0.0, 0.0, 0.0, 0.0, 0.0, 0.0, 0.0, 0.0, 0.0, 0.0, 1.0], "bins": [-0.030345555394887924, -0.029453672468662262, -0.0285617895424366, -0.027669906616210938, -0.026778021827340126, -0.025886138901114464, -0.0249942559748888, -0.02410237304866314, -0.023210490122437477, -0.022318607196211815, -0.021426722407341003, -0.02053483948111534, -0.01964295655488968, -0.018751073628664017, -0.017859190702438354, -0.016967307776212692, -0.01607542484998703, -0.015183540992438793, -0.014291657134890556, -0.013399774208664894, -0.012507891282439232, -0.011616007424890995, -0.010724124498665333, -0.00983224157243967, -0.008940357714891434, -0.008048474788665771, -0.007156591862440109, -0.00626470847055316, -0.00537282507866621, -0.004480942152440548, -0.0035890587605535984, -0.0026971756014972925, -0.0018052924424409866, -0.0009134092251770198, -2.1526007913053036e-05, 0.0008703572093509138, 0.0017622404266148806, 0.0026541235856711864, 0.003546006977558136, 0.004437889903783798, 0.005329773295670748, 0.006221656687557697, 0.0071135396137833595, 0.008005422540009022, 0.008897306397557259, 0.00978918932378292, 0.010681072250008583, 0.01157295610755682, 0.012464839033782482, 0.013356721960008144, 0.014248605817556381, 0.015140488743782043, 0.016032371670007706, 0.016924254596233368, 0.01781613752245903, 0.01870802231132984, 0.019599905237555504, 0.020491788163781166, 0.02138367109000683, 0.02227555401623249, 0.023167436942458153, 0.024059321731328964, 0.024951204657554626, 0.02584308758378029, 0.02673497051000595]}, "gradients/ff_1.weight": {"_type": "histogram", "values": [1.0, 0.0, 1.0, 0.0, 0.0, 5.0, 1.0, 5.0, 4.0, 5.0, 3.0, 7.0, 8.0, 11.0, 9.0, 10.0, 16.0, 16.0, 26.0, 27.0, 37.0, 54.0, 78.0, 71.0, 109.0, 157.0, 168.0, 224.0, 263.0, 351.0, 515.0, 598.0, 813.0, 1221.0, 1534.0, 54197.0, 2203.0, 1263.0, 606.0, 252.0, 164.0, 130.0, 96.0, 67.0, 41.0, 43.0, 31.0, 24.0, 20.0, 15.0, 5.0, 5.0, 6.0, 4.0, 3.0, 2.0, 2.0, 4.0, 1.0, 0.0, 1.0, 0.0, 1.0, 2.0], "bins": [-0.04939313605427742, -0.048016682267189026, -0.04664022848010063, -0.04526377469301224, -0.04388732090592384, -0.04251086711883545, -0.041134413331747055, -0.03975795954465866, -0.03838150203227997, -0.037005048245191574, -0.03562859445810318, -0.034252140671014786, -0.03287568688392639, -0.031499233096838, -0.030122779309749603, -0.02874632552266121, -0.027369871735572815, -0.02599341794848442, -0.024616964161396027, -0.023240510374307632, -0.02186405658721924, -0.020487600937485695, -0.0191111471503973, -0.017734693363308907, -0.016358239576220512, -0.014981785789132118, -0.013605332002043724, -0.012228877283632755, -0.010852423496544361, -0.009475969709455967, -0.008099514991044998, -0.006723061203956604, -0.005346611142158508, -0.003970157355070114, -0.0025937031023204327, -0.0012172490824013948, 0.00015920493751764297, 0.0015356589574366808, 0.0029121129773557186, 0.0042885672301054, 0.005665021017193794, 0.007041474804282188, 0.008417928591370583, 0.009794383309781551, 0.011170837096869946, 0.01254729088395834, 0.013923745602369308, 0.015300199389457703, 0.016676653176546097, 0.01805310696363449, 0.019429560750722885, 0.02080601453781128, 0.022182468324899673, 0.023558923974633217, 0.02493537776172161, 0.026311831548810005, 0.0276882853358984, 0.029064739122986794, 0.030441192910075188, 0.03181764855980873, 0.033194102346897125, 0.03457055613398552, 0.035947009921073914, 0.03732346370816231, 0.0386999174952507]}, "gradients/head_1.bias": {"_type": "histogram", "values": [1.0, 1.0, 0.0, 0.0, 0.0, 0.0, 0.0, 0.0, 0.0, 0.0, 0.0, 0.0, 0.0, 1.0, 0.0, 0.0, 1.0, 2.0, 0.0, 2.0, 3.0, 1.0, 0.0, 4.0, 3.0, 3.0, 6.0, 50.0, 66.0, 72.0, 20.0, 3.0, 1.0, 5.0, 0.0, 0.0, 2.0, 0.0, 2.0, 0.0, 2.0, 0.0, 0.0, 0.0, 0.0, 0.0, 1.0, 1.0, 0.0, 0.0, 1.0, 0.0, 0.0, 0.0, 0.0, 0.0, 0.0, 0.0, 0.0, 0.0, 0.0, 0.0, 1.0, 1.0],